DCF,DCF-positive,DCF-negative,pos_neg_degree,pos_neutral_degree,neg_neutral_degree
0.318,0.554,0.572,0.0019078042823821306,0.001754813245497644,0.0016448167152702808
