DCF,DCF-positive,DCF-negative,pos_neg_degree,pos_neutral_degree,neg_neutral_degree
0.293,0.539,0.443,5.460381657940161e-07,6.040930884410045e-07,7.272362836374668e-07
