DCF,DCF-positive,DCF-negative,pos_neg_degree,pos_neutral_degree,neg_neutral_degree
0.218,0.53,0.374,2.101659788422694e-07,2.2399424892682873e-07,2.8598307721949823e-07
