DCF,DCF-positive,DCF-negative,pos_neg_degree,pos_neutral_degree,neg_neutral_degree
0.232,0.56,0.38,0.002553432947024703,0.002321467502042651,0.003104030154645443
