DCF,DCF-positive,DCF-negative,pos_neg_degree,pos_neutral_degree,neg_neutral_degree
0.222,0.514,0.35,0.0003934527630917728,0.00037767397589050233,0.0004970745067112148
