DCF,DCF-positive,DCF-negative,pos_neg_degree,pos_neutral_degree,neg_neutral_degree
0.19,0.486,0.322,0.0003796397359110415,0.0004066876135766506,0.0005293078138493001
