DCF,DCF-positive,DCF-negative,pos_neg_degree,pos_neutral_degree,neg_neutral_degree
0.256,0.564,0.416,1.2276411325728986e-05,1.1220574378967285e-05,1.3481855603458825e-05
