DCF,DCF-positive,DCF-negative,pos_neg_degree,pos_neutral_degree,neg_neutral_degree
0.452,0.68,0.666,2.662539372977335e-06,1.9006729417014867e-06,1.7468929627284524e-06
