DCF,DCF-positive,DCF-negative,pos_neg_degree,pos_neutral_degree,neg_neutral_degree
0.3114690147124387,0.5545028979045921,0.4807177886758805,1.2659875210374594e-06,1.4005663615535013e-06,1.596812580828555e-06
