,angles_pos_neutral,angles_pos_neg,angles_neg_neutral
count,17944.0,17944.0,17944.0
mean,0.37679017620352206,0.6884302282598084,0.5192662342170975
std,0.2132867098966821,0.1717458446650331,0.23676437116507845
min,0.0,0.01716093,0.0
25%,0.20672546,0.5906366599999999,0.3214288475
50%,0.32709315,0.73634374,0.53979051
75%,0.5290962175,0.820007685,0.72622662
max,0.96855104,1.0099264,1.0295438
