DCF,DCF-positive,DCF-negative,pos_neg_degree,pos_neutral_degree,neg_neutral_degree
0.13,0.342,0.332,2.0909308773298108e-07,2.8753279934790044e-07,2.514123877972452e-07
