DCF,DCF-positive,DCF-negative,pos_neg_degree,pos_neutral_degree,neg_neutral_degree
0.33,0.582,0.472,1.3568401300290134e-06,1.2670755040744552e-06,1.5066862033563666e-06
