DCF,DCF-positive,DCF-negative,pos_neg_degree,pos_neutral_degree,neg_neutral_degree
0.144,0.286,0.28,0.0026059767697006464,0.004163248930126429,0.004038599785417318
